{
  "metadata": {
    "size": 100,
    "resolution": 10,
    "seattleBounds": {
      "minLat": 47.5,
      "maxLat": 47.75,
      "minLng": -122.5,
      "maxLng": -122.25
    },
    "window": [
      5406,
      2706,
      2701,
      2701
    ],
    "geographicBounds": {
      "minLon": -122.49999999969967,
      "maxLon": -122.24999999943073,
      "minLat": 47.500000000050875,
      "maxLat": 47.7500000005444
    },
    "elevation": {
      "min": -15.962672233581543,
      "max": 162.4561309814453,
      "average": 31.062186959235394
    },
    "created": "2025-03-31T00:58:36.057Z"
  },
  "grid": [
    [
      13.84419059753418,
      4.485537052154541,
      4.0850982666015625,
      19.91632652282715,
      11.293232917785645,
      8.73803997039795,
      22.008195877075195,
      36.12514114379883,
      37.36808395385742,
      43.52170181274414
    ],
    [
      4.5530476570129395,
      3.382892370223999,
      3.213405132293701,
      20.781049728393555,
      21.088848114013672,
      22.14984703063965,
      26.76201629638672,
      31.34590721130371,
      31.71639633178711,
      30.18648910522461
    ],
    [
      3.092886447906494,
      1.6498156785964966,
      2.26387357711792,
      10.17506217956543,
      20.47348403930664,
      18.89934730529785,
      23.65830421447754,
      13.246767044067383,
      -0.3463146686553955,
      -0.1173950657248497
    ]
  ]
}